,Date,HomeTeam,AwayTeam,FTHG,FTAG,FTR,MW,HomeTeamScored,AwayTeamScored,HomeTeamConceded,AwayTeamConceded,HomeGoalDiff,AwayGoalDiff,DiffInGoals,HomeTeamPoints,AwayTeamPoints,DiffPts,HM1,AM1,HM2,AM2,HM3,AM3
0,11/08/17,Arsenal,Leicester,4.0,3.0,H,1,0.0,0.0,0.0,0.0,0.0,0.0,0.0,0,0,0,M,M,M,M,M,M
1,12/08/17,Brighton,Man City,0.0,2.0,A,1,0.0,0.0,0.0,0.0,0.0,0.0,0.0,0,0,0,M,M,M,M,M,M
2,12/08/17,Chelsea,Burnley,2.0,3.0,A,1,0.0,0.0,0.0,0.0,0.0,0.0,0.0,0,0,0,M,M,M,M,M,M
3,12/08/17,Crystal Palace,Huddersfield,0.0,3.0,A,1,0.0,0.0,0.0,0.0,0.0,0.0,0.0,0,0,0,M,M,M,M,M,M
4,12/08/17,Everton,Stoke,1.0,0.0,H,1,0.0,0.0,0.0,0.0,0.0,0.0,0.0,0,0,0,M,M,M,M,M,M
5,12/08/17,Southampton,Swansea,0.0,0.0,D,1,0.0,0.0,0.0,0.0,0.0,0.0,0.0,0,0,0,M,M,M,M,M,M
6,12/08/17,Watford,Liverpool,3.0,3.0,D,1,0.0,0.0,0.0,0.0,0.0,0.0,0.0,0,0,0,M,M,M,M,M,M
7,12/08/17,West Brom,Bournemouth,1.0,0.0,H,1,0.0,0.0,0.0,0.0,0.0,0.0,0.0,0,0,0,M,M,M,M,M,M
8,13/08/17,Man United,West Ham,4.0,0.0,H,1,0.0,0.0,0.0,0.0,0.0,0.0,0.0,0,0,0,M,M,M,M,M,M
9,13/08/17,Newcastle,Tottenham,0.0,2.0,A,1,0.0,0.0,0.0,0.0,0.0,0.0,0.0,0,0,0,M,M,M,M,M,M
10,19/08/17,Bournemouth,Watford,0.0,2.0,A,2,0.0,3.0,1.0,3.0,-1.0,0.0,-1.0,0,1,-1,M,M,M,M,M,M
11,19/08/17,Burnley,West Brom,0.0,1.0,A,2,3.0,1.0,2.0,0.0,1.0,1.0,0.0,3,3,0,M,M,M,M,M,M
12,19/08/17,Leicester,Brighton,2.0,0.0,H,2,3.0,0.0,4.0,2.0,-1.0,-2.0,1.0,0,0,0,M,M,M,M,M,M
13,19/08/17,Liverpool,Crystal Palace,1.0,0.0,H,2,3.0,0.0,3.0,3.0,0.0,-3.0,3.0,1,0,1,M,M,M,M,M,M
14,19/08/17,Southampton,West Ham,3.0,2.0,H,2,0.0,0.0,0.0,4.0,0.0,-4.0,4.0,1,0,1,M,M,M,M,M,M
15,19/08/17,Stoke,Arsenal,1.0,0.0,H,2,0.0,4.0,1.0,3.0,-1.0,1.0,-2.0,0,3,-3,M,M,M,M,M,M
16,19/08/17,Swansea,Man United,0.0,4.0,A,2,0.0,4.0,0.0,0.0,0.0,4.0,-4.0,1,3,-2,M,M,M,M,M,M
17,20/08/17,Huddersfield,Newcastle,1.0,0.0,H,2,3.0,0.0,0.0,2.0,3.0,-2.0,5.0,3,0,3,M,M,M,M,M,M
18,20/08/17,Tottenham,Chelsea,1.0,2.0,A,2,2.0,2.0,0.0,3.0,2.0,-1.0,3.0,3,0,3,M,M,M,M,M,M
19,21/08/17,Man City,Everton,1.0,1.0,D,2,2.0,1.0,0.0,0.0,2.0,1.0,1.0,3,3,0,M,M,M,M,M,M
20,26/08/17,Bournemouth,Man City,1.0,2.0,A,3,0.0,3.0,3.0,1.0,-3.0,2.0,-5.0,0,4,-4,L,D,M,M,M,M
21,26/08/17,Crystal Palace,Swansea,0.0,2.0,A,3,0.0,0.0,4.0,4.0,-4.0,-4.0,0.0,0,1,-1,L,L,M,M,M,M
22,26/08/17,Huddersfield,Southampton,0.0,0.0,D,3,4.0,3.0,0.0,2.0,4.0,1.0,3.0,6,4,2,W,W,M,M,M,M
23,26/08/17,Man United,Leicester,2.0,0.0,H,3,8.0,5.0,0.0,4.0,8.0,1.0,7.0,6,3,3,W,W,M,M,M,M
24,26/08/17,Newcastle,West Ham,3.0,0.0,H,3,0.0,2.0,3.0,7.0,-3.0,-5.0,2.0,0,0,0,L,L,M,M,M,M
25,26/08/17,Watford,Brighton,0.0,0.0,D,3,5.0,0.0,3.0,4.0,2.0,-4.0,6.0,4,0,4,W,L,M,M,M,M
26,27/08/17,Chelsea,Everton,2.0,0.0,H,3,4.0,2.0,4.0,1.0,0.0,1.0,-1.0,3,4,-1,W,D,M,M,M,M
27,27/08/17,Liverpool,Arsenal,4.0,0.0,H,3,4.0,4.0,3.0,4.0,1.0,0.0,1.0,4,3,1,W,L,M,M,M,M
28,27/08/17,Tottenham,Burnley,1.0,1.0,D,3,3.0,3.0,2.0,3.0,1.0,0.0,1.0,3,3,0,L,L,M,M,M,M
29,27/08/17,West Brom,Stoke,1.0,1.0,D,3,2.0,1.0,0.0,1.0,2.0,0.0,2.0,6,3,3,W,W,M,M,M,M
30,09/09/17,Arsenal,Bournemouth,3.0,0.0,H,4,4.0,1.0,8.0,5.0,-4.0,-4.0,0.0,3,0,3,L,L,L,L,M,M
31,09/09/17,Brighton,West Brom,3.0,1.0,H,4,0.0,3.0,4.0,1.0,-4.0,2.0,-6.0,1,7,-6,D,D,L,W,M,M
32,09/09/17,Everton,Tottenham,0.0,3.0,A,4,2.0,4.0,3.0,3.0,-1.0,1.0,-2.0,4,4,0,L,D,D,L,M,M
33,09/09/17,Leicester,Chelsea,1.0,2.0,A,4,5.0,6.0,6.0,4.0,-1.0,2.0,-3.0,3,6,-3,L,W,W,W,M,M
34,09/09/17,Man City,Liverpool,5.0,0.0,H,4,5.0,8.0,2.0,3.0,3.0,5.0,-2.0,7,7,0,W,W,D,W,M,M
35,09/09/17,Southampton,Watford,0.0,2.0,A,4,3.0,5.0,2.0,3.0,1.0,2.0,-1.0,5,5,0,D,D,W,W,M,M
36,09/09/17,Stoke,Man United,2.0,2.0,D,4,2.0,10.0,2.0,0.0,0.0,10.0,-10.0,4,9,-5,D,W,W,W,M,M
37,10/09/17,Burnley,Crystal Palace,1.0,0.0,H,4,4.0,0.0,4.0,6.0,0.0,-6.0,6.0,4,0,4,D,L,L,L,M,M
38,10/09/17,Swansea,Newcastle,0.0,1.0,A,4,2.0,3.0,4.0,3.0,-2.0,0.0,-2.0,4,3,1,W,W,L,L,M,M
39,11/09/17,West Ham,Huddersfield,2.0,0.0,H,4,2.0,4.0,10.0,0.0,-8.0,4.0,-12.0,0,7,-7,L,D,L,W,M,M
40,15/09/17,Bournemouth,Brighton,2.0,1.0,H,5,1.0,3.0,8.0,5.0,-7.0,-2.0,-5.0,0,4,-4,L,W,L,D,L,L
41,16/09/17,Crystal Palace,Southampton,0.0,1.0,A,5,0.0,3.0,7.0,4.0,-7.0,-1.0,-6.0,0,5,-5,L,L,L,D,L,W
42,16/09/17,Huddersfield,Leicester,1.0,1.0,D,5,4.0,6.0,2.0,8.0,2.0,-2.0,4.0,7,3,4,L,L,D,L,W,W
43,16/09/17,Liverpool,Burnley,1.0,1.0,D,5,8.0,5.0,8.0,4.0,0.0,1.0,-1.0,7,7,0,L,W,W,D,W,L
44,16/09/17,Newcastle,Stoke,2.0,1.0,H,5,4.0,4.0,3.0,4.0,1.0,0.0,1.0,6,5,1,W,D,W,D,L,W
45,16/09/17,Tottenham,Swansea,0.0,0.0,D,5,7.0,2.0,3.0,5.0,4.0,-3.0,7.0,7,4,3,W,L,D,W,L,L
46,16/09/17,Watford,Man City,0.0,6.0,A,5,7.0,10.0,3.0,2.0,4.0,8.0,-4.0,8,10,-2,W,W,D,W,W,D
47,16/09/17,West Brom,West Ham,0.0,0.0,D,5,4.0,4.0,4.0,10.0,0.0,-6.0,6.0,7,3,4,L,W,D,L,W,L
48,17/09/17,Chelsea,Arsenal,0.0,0.0,D,5,8.0,7.0,5.0,8.0,3.0,-1.0,4.0,9,6,3,W,W,W,L,W,L
49,17/09/17,Man United,Everton,4.0,0.0,H,5,12.0,2.0,2.0,6.0,10.0,-4.0,14.0,10,4,6,D,L,W,L,W,D
50,23/09/17,Burnley,Huddersfield,0.0,0.0,D,6,6.0,5.0,5.0,3.0,1.0,2.0,-1.0,8,8,0,D,D,W,L,D,D
51,23/09/17,Everton,Bournemouth,2.0,1.0,H,6,2.0,3.0,10.0,9.0,-8.0,-6.0,-2.0,4,3,1,L,W,L,L,L,L
52,23/09/17,Leicester,Liverpool,2.0,3.0,A,6,7.0,9.0,9.0,9.0,-2.0,0.0,-2.0,4,8,-4,D,D,L,L,L,W
53,23/09/17,Man City,Crystal Palace,5.0,0.0,H,6,16.0,0.0,2.0,8.0,14.0,-8.0,22.0,13,0,13,W,L,W,L,W,L
54,23/09/17,Southampton,Man United,0.0,1.0,A,6,4.0,16.0,4.0,2.0,0.0,14.0,-14.0,8,13,-5,W,W,L,D,D,W
55,23/09/17,Stoke,Chelsea,0.0,4.0,A,6,5.0,8.0,6.0,5.0,-1.0,3.0,-4.0,5,10,-5,L,D,D,W,D,W
56,23/09/17,Swansea,Watford,1.0,2.0,A,6,2.0,7.0,5.0,9.0,-3.0,-2.0,-1.0,5,8,-3,D,L,L,W,W,D
57,23/09/17,West Ham,Tottenham,2.0,3.0,A,6,4.0,7.0,10.0,3.0,-6.0,4.0,-10.0,4,8,-4,D,D,W,W,L,D
58,24/09/17,Brighton,Newcastle,1.0,0.0,H,6,4.0,6.0,7.0,4.0,-3.0,2.0,-5.0,4,9,-5,L,W,W,W,D,W
59,25/09/17,Arsenal,West Brom,2.0,0.0,H,6,7.0,4.0,8.0,4.0,-1.0,0.0,-1.0,7,8,-1,D,D,W,L,L,D
60,30/09/17,Bournemouth,Leicester,0.0,0.0,D,7,4.0,9.0,11.0,12.0,-7.0,-3.0,-4.0,3,4,-1,L,L,W,D,L,L
61,30/09/17,Chelsea,Man City,0.0,1.0,A,7,12.0,21.0,5.0,2.0,7.0,19.0,-12.0,13,16,-3,W,W,D,W,W,W
62,30/09/17,Huddersfield,Tottenham,0.0,4.0,A,7,5.0,10.0,3.0,5.0,2.0,5.0,-3.0,9,11,-2,D,W,D,D,L,W
63,30/09/17,Man United,Crystal Palace,4.0,0.0,H,7,17.0,0.0,2.0,13.0,15.0,-13.0,28.0,16,0,16,W,L,W,L,D,L
64,30/09/17,Stoke,Southampton,2.0,1.0,H,7,5.0,4.0,10.0,5.0,-5.0,-1.0,-4.0,5,8,-3,L,L,L,W,D,L
65,30/09/17,West Brom,Watford,2.0,2.0,D,7,4.0,9.0,6.0,10.0,-2.0,-1.0,-1.0,8,11,-3,L,W,D,L,L,W
66,30/09/17,West Ham,Swansea,1.0,0.0,H,7,6.0,3.0,13.0,7.0,-7.0,-4.0,-3.0,4,5,-1,L,L,D,D,W,L
67,01/10/17,Arsenal,Brighton,2.0,0.0,H,7,9.0,5.0,8.0,7.0,1.0,-2.0,3.0,10,7,3,W,W,D,L,W,W
68,01/10/17,Everton,Burnley,0.0,1.0,A,7,4.0,6.0,11.0,5.0,-7.0,1.0,-8.0,7,9,-2,W,D,L,D,L,W
69,01/10/17,Newcastle,Liverpool,1.0,1.0,D,7,6.0,12.0,5.0,11.0,1.0,1.0,0.0,9,11,-2,L,W,W,D,W,L
70,14/10/17,Burnley,West Ham,1.0,1.0,D,8,7.0,7.0,5.0,13.0,2.0,-6.0,8.0,12,7,5,W,W,D,L,D,D
71,14/10/17,Crystal Palace,Chelsea,2.0,1.0,H,8,0.0,12.0,17.0,6.0,-17.0,6.0,-23.0,0,13,-13,L,L,L,W,L,D
72,14/10/17,Liverpool,Man United,0.0,0.0,D,8,13.0,21.0,12.0,2.0,1.0,19.0,-18.0,12,19,-7,D,W,W,W,D,W
73,14/10/17,Man City,Stoke,7.0,2.0,H,8,22.0,7.0,2.0,11.0,20.0,-4.0,24.0,19,8,11,W,W,W,L,W,L
74,14/10/17,Swansea,Huddersfield,2.0,0.0,H,8,3.0,5.0,8.0,7.0,-5.0,-2.0,-3.0,5,9,-4,L,L,L,D,D,D
75,14/10/17,Tottenham,Bournemouth,1.0,0.0,H,8,14.0,4.0,5.0,11.0,9.0,-7.0,16.0,14,4,10,W,D,W,L,D,W
76,14/10/17,Watford,Arsenal,2.0,1.0,H,8,11.0,11.0,12.0,8.0,-1.0,3.0,-4.0,12,13,-1,D,W,W,W,L,D
77,15/10/17,Brighton,Everton,1.0,1.0,D,8,5.0,4.0,9.0,12.0,-4.0,-8.0,4.0,7,7,0,L,L,W,W,L,L
78,15/10/17,Southampton,Newcastle,2.0,2.0,D,8,5.0,7.0,7.0,6.0,-2.0,1.0,-3.0,8,10,-2,L,D,L,L,W,W
79,16/10/17,Leicester,West Brom,1.0,1.0,D,8,9.0,6.0,12.0,8.0,-3.0,-2.0,-1.0,5,9,-4,D,D,L,L,D,D
80,20/10/17,West Ham,Brighton,0.0,3.0,A,9,8.0,6.0,14.0,10.0,-6.0,-4.0,-2.0,8,8,0,D,D,W,L,L,W
81,21/10/17,Chelsea,Watford,4.0,2.0,H,9,13.0,13.0,8.0,13.0,5.0,0.0,5.0,13,15,-2,L,W,L,D,W,W
82,21/10/17,Huddersfield,Man United,2.0,1.0,H,9,5.0,21.0,9.0,2.0,-4.0,19.0,-23.0,9,20,-11,L,D,L,W,D,W
83,21/10/17,Man City,Burnley,3.0,0.0,H,9,29.0,8.0,4.0,6.0,25.0,2.0,23.0,22,13,9,W,D,W,W,W,D
84,21/10/17,Newcastle,Crystal Palace,1.0,0.0,H,9,9.0,2.0,8.0,18.0,1.0,-16.0,17.0,11,3,8,D,W,D,L,L,L
85,21/10/17,Southampton,West Brom,1.0,0.0,H,9,7.0,7.0,9.0,9.0,-2.0,-2.0,0.0,9,10,-1,D,D,L,D,L,L
86,21/10/17,Stoke,Bournemouth,1.0,2.0,A,9,9.0,4.0,18.0,12.0,-9.0,-8.0,-1.0,8,4,4,L,L,W,D,L,L
87,21/10/17,Swansea,Leicester,1.0,2.0,A,9,5.0,10.0,8.0,13.0,-3.0,-3.0,0.0,8,6,2,W,D,L,D,L,L
88,22/10/17,Everton,Arsenal,2.0,5.0,A,9,5.0,12.0,13.0,10.0,-8.0,2.0,-10.0,8,13,-5,D,L,L,W,W,W
89,22/10/17,Tottenham,Liverpool,4.0,1.0,H,9,15.0,13.0,5.0,12.0,10.0,1.0,9.0,17,13,4,W,D,W,D,W,W
90,28/10/17,Arsenal,Swansea,2.0,1.0,H,10,17.0,6.0,12.0,10.0,5.0,-4.0,9.0,16,8,8,W,L,L,W,W,L
91,28/10/17,Bournemouth,Chelsea,0.0,1.0,A,10,6.0,17.0,13.0,10.0,-7.0,7.0,-14.0,7,16,-9,W,W,L,L,D,L
92,28/10/17,Crystal Palace,West Ham,2.0,2.0,D,10,2.0,8.0,19.0,17.0,-17.0,-9.0,-8.0,3,8,-5,L,L,W,D,L,W
93,28/10/17,Liverpool,Huddersfield,3.0,0.0,H,10,14.0,7.0,16.0,10.0,-2.0,-3.0,1.0,13,12,1,L,W,D,L,D,L
94,28/10/17,Man United,Tottenham,1.0,0.0,H,10,22.0,19.0,4.0,6.0,18.0,13.0,5.0,20,20,0,L,W,D,W,W,W
95,28/10/17,Watford,Stoke,0.0,1.0,A,10,15.0,10.0,17.0,20.0,-2.0,-10.0,8.0,15,8,7,L,L,W,L,D,W
96,28/10/17,West Brom,Man City,2.0,3.0,A,10,7.0,32.0,10.0,4.0,-3.0,28.0,-31.0,10,25,-15,L,W,D,W,D,W
97,29/10/17,Brighton,Southampton,1.0,1.0,D,10,9.0,8.0,10.0,9.0,-1.0,-1.0,0.0,11,12,-1,W,W,D,D,L,L
98,29/10/17,Leicester,Everton,2.0,0.0,H,10,12.0,7.0,14.0,18.0,-2.0,-11.0,9.0,9,8,1,W,L,D,D,D,L
99,30/10/17,Burnley,Newcastle,1.0,0.0,H,10,8.0,10.0,9.0,8.0,-1.0,2.0,-3.0,13,14,-1,L,W,D,D,W,D
100,04/11/17,Huddersfield,West Brom,1.0,0.0,H,11,7.0,9.0,13.0,13.0,-6.0,-4.0,-2.0,12,10,2,L,L,W,L,L,D
101,04/11/17,Newcastle,Bournemouth,0.0,1.0,A,11,10.0,6.0,9.0,14.0,1.0,-8.0,9.0,14,7,7,L,L,W,W,D,L
102,04/11/17,Southampton,Burnley,0.0,1.0,A,11,9.0,9.0,10.0,9.0,-1.0,0.0,-1.0,13,16,-3,D,W,W,L,D,D
103,04/11/17,Stoke,Leicester,2.0,2.0,D,11,11.0,14.0,20.0,14.0,-9.0,0.0,-9.0,11,12,-1,W,W,L,W,L,D
104,04/11/17,Swansea,Brighton,0.0,1.0,A,11,7.0,10.0,12.0,11.0,-5.0,-1.0,-4.0,8,12,-4,L,D,L,W,W,D
105,04/11/17,West Ham,Liverpool,1.0,4.0,A,11,10.0,17.0,19.0,16.0,-9.0,1.0,-10.0,9,16,-7,D,W,L,L,D,D
106,05/11/17,Chelsea,Man United,1.0,0.0,H,11,18.0,23.0,10.0,4.0,8.0,19.0,-11.0,19,23,-4,W,W,W,L,L,D
107,05/11/17,Everton,Watford,3.0,2.0,H,11,7.0,15.0,20.0,18.0,-13.0,-3.0,-10.0,8,15,-7,L,L,L,L,D,W
108,05/11/17,Man City,Arsenal,3.0,1.0,H,11,35.0,19.0,6.0,13.0,29.0,6.0,23.0,28,19,9,W,W,W,W,W,L
109,05/11/17,Tottenham,Crystal Palace,1.0,0.0,H,11,19.0,4.0,7.0,21.0,12.0,-17.0,29.0,20,4,16,L,D,W,L,W,W
110,18/11/17,Arsenal,Tottenham,2.0,0.0,H,12,20.0,20.0,16.0,7.0,4.0,13.0,-9.0,19,23,-4,L,W,W,L,W,W
111,18/11/17,Bournemouth,Huddersfield,4.0,0.0,H,12,7.0,8.0,14.0,13.0,-7.0,-5.0,-2.0,10,15,-5,W,W,L,L,W,W
112,18/11/17,Burnley,Swansea,2.0,0.0,H,12,10.0,7.0,9.0,13.0,1.0,-6.0,7.0,19,8,11,W,L,W,L,L,L
113,18/11/17,Crystal Palace,Everton,2.0,2.0,D,12,4.0,10.0,22.0,22.0,-18.0,-12.0,-6.0,4,11,-7,L,W,D,L,L,L
114,18/11/17,Leicester,Man City,0.0,2.0,A,12,16.0,38.0,16.0,7.0,0.0,31.0,-31.0,13,31,-18,D,W,W,W,W,W
115,18/11/17,Liverpool,Southampton,3.0,0.0,H,12,21.0,9.0,17.0,11.0,4.0,-2.0,6.0,19,13,6,W,L,W,D,L,W
116,18/11/17,Man United,Newcastle,4.0,1.0,H,12,23.0,10.0,5.0,10.0,18.0,0.0,18.0,23,14,9,L,L,W,L,L,W
117,18/11/17,West Brom,Chelsea,0.0,4.0,A,12,9.0,19.0,14.0,10.0,-5.0,9.0,-14.0,10,22,-12,L,W,L,W,L,W
118,19/11/17,Watford,West Ham,2.0,0.0,H,12,17.0,11.0,21.0,23.0,-4.0,-12.0,8.0,15,9,6,L,L,L,D,L,L
119,20/11/17,Brighton,Stoke,2.0,2.0,D,12,11.0,13.0,11.0,22.0,0.0,-9.0,9.0,15,12,3,W,D,D,W,W,L
120,24/11/17,West Ham,Leicester,1.0,1.0,D,13,11.0,16.0,25.0,18.0,-14.0,-2.0,-12.0,9,13,-4,L,L,L,D,D,W
121,25/11/17,Crystal Palace,Stoke,2.0,1.0,H,13,6.0,15.0,24.0,24.0,-18.0,-9.0,-9.0,5,13,-8,D,D,L,D,D,W
122,25/11/17,Liverpool,Chelsea,1.0,1.0,D,13,24.0,23.0,17.0,10.0,7.0,13.0,-6.0,22,25,-3,W,W,W,W,W,W
123,25/11/17,Man United,Brighton,1.0,0.0,H,13,27.0,13.0,6.0,13.0,21.0,0.0,21.0,26,16,10,W,D,L,W,W,D
124,25/11/17,Newcastle,Watford,0.0,3.0,A,13,11.0,19.0,14.0,21.0,-3.0,-2.0,-1.0,14,18,-4,L,W,L,L,L,L
125,25/11/17,Swansea,Bournemouth,0.0,0.0,D,13,7.0,11.0,15.0,14.0,-8.0,-3.0,-5.0,8,13,-5,L,W,L,W,L,L
126,25/11/17,Tottenham,West Brom,1.0,1.0,D,13,20.0,9.0,9.0,18.0,11.0,-9.0,20.0,23,10,13,L,L,W,L,L,L
127,26/11/17,Burnley,Arsenal,0.0,1.0,A,13,12.0,22.0,9.0,16.0,3.0,6.0,-3.0,22,22,0,W,W,W,L,W,W
128,26/11/17,Huddersfield,Man City,1.0,2.0,A,13,8.0,40.0,17.0,7.0,-9.0,33.0,-42.0,15,34,-19,L,W,W,W,L,W
129,26/11/17,Southampton,Everton,4.0,1.0,H,13,9.0,12.0,14.0,24.0,-5.0,-12.0,7.0,13,12,1,L,D,L,W,D,L
130,28/11/17,Brighton,Crystal Palace,0.0,0.0,D,14,13.0,8.0,14.0,25.0,-1.0,-17.0,16.0,16,8,8,L,W,D,D,W,L
131,28/11/17,Leicester,Tottenham,2.0,1.0,H,14,17.0,21.0,19.0,10.0,-2.0,11.0,-13.0,14,24,-10,D,D,L,L,D,W
132,28/11/17,Watford,Man United,2.0,4.0,A,14,22.0,28.0,21.0,6.0,1.0,22.0,-21.0,21,29,-8,W,W,W,W,L,L
133,28/11/17,West Brom,Newcastle,2.0,2.0,D,14,10.0,11.0,19.0,17.0,-9.0,-6.0,-3.0,11,14,-3,D,L,L,L,L,L
134,29/11/17,Arsenal,Huddersfield,5.0,0.0,H,14,23.0,9.0,16.0,19.0,7.0,-10.0,17.0,25,15,10,W,L,W,L,L,W
135,29/11/17,Bournemouth,Burnley,1.0,2.0,A,14,11.0,12.0,14.0,10.0,-3.0,2.0,-5.0,14,22,-8,D,L,W,W,W,W
136,29/11/17,Chelsea,Swansea,1.0,0.0,H,14,24.0,7.0,11.0,15.0,13.0,-8.0,21.0,26,9,17,D,D,W,L,W,L
137,29/11/17,Everton,West Ham,4.0,0.0,H,14,13.0,12.0,28.0,26.0,-15.0,-14.0,-1.0,12,10,2,L,D,D,L,W,L
138,29/11/17,Man City,Southampton,2.0,1.0,H,14,42.0,13.0,8.0,15.0,34.0,-2.0,36.0,37,16,21,W,W,W,L,W,L
139,29/11/17,Stoke,Liverpool,0.0,3.0,A,14,16.0,25.0,26.0,18.0,-10.0,7.0,-17.0,13,23,-10,L,D,D,W,D,W
140,02/12/17,Arsenal,Man United,1.0,3.0,A,15,28.0,32.0,16.0,8.0,12.0,24.0,-12.0,28,32,-4,W,W,W,W,W,W
141,02/12/17,Brighton,Liverpool,1.0,5.0,A,15,13.0,28.0,14.0,18.0,-1.0,10.0,-11.0,17,26,-9,D,W,L,D,D,W
142,02/12/17,Chelsea,Newcastle,3.0,1.0,H,15,25.0,13.0,11.0,19.0,14.0,-6.0,20.0,29,15,14,W,D,D,L,W,L
143,02/12/17,Everton,Huddersfield,2.0,0.0,H,15,17.0,9.0,28.0,24.0,-11.0,-15.0,4.0,15,15,0,W,L,L,L,D,L
144,02/12/17,Leicester,Burnley,1.0,0.0,H,15,19.0,14.0,20.0,11.0,-1.0,3.0,-4.0,17,25,-8,W,W,D,L,L,W
145,02/12/17,Stoke,Swansea,2.0,1.0,H,15,16.0,7.0,29.0,16.0,-13.0,-9.0,-4.0,13,9,4,L,L,L,D,D,L
146,02/12/17,Watford,Tottenham,1.0,1.0,D,15,24.0,22.0,25.0,12.0,-1.0,10.0,-11.0,21,24,-3,L,L,W,D,W,L
147,02/12/17,West Brom,Crystal Palace,0.0,0.0,D,15,12.0,8.0,21.0,25.0,-9.0,-17.0,8.0,12,9,3,D,D,D,W,L,D
148,03/12/17,Bournemouth,Southampton,1.0,1.0,D,15,12.0,14.0,16.0,17.0,-4.0,-3.0,-1.0,14,16,-2,L,L,D,W,W,L
149,03/12/17,Man City,West Ham,2.0,1.0,H,15,44.0,12.0,9.0,30.0,35.0,-18.0,53.0,40,10,30,W,L,W,D,W,L
150,09/12/17,Burnley,Watford,1.0,0.0,H,16,14.0,25.0,12.0,26.0,2.0,-1.0,3.0,25,22,3,L,D,W,L,L,W
151,09/12/17,Crystal Palace,Bournemouth,2.0,2.0,D,16,8.0,13.0,25.0,17.0,-17.0,-4.0,-13.0,10,15,-5,D,D,D,L,W,D
152,09/12/17,Huddersfield,Brighton,2.0,0.0,H,16,9.0,14.0,26.0,19.0,-17.0,-5.0,-12.0,15,17,-2,L,L,L,D,L,L
153,09/12/17,Newcastle,Leicester,2.0,3.0,A,16,14.0,20.0,22.0,20.0,-8.0,0.0,-8.0,15,20,-5,L,W,D,W,L,D
154,09/12/17,Swansea,West Brom,1.0,0.0,H,16,8.0,12.0,18.0,21.0,-10.0,-9.0,-1.0,9,13,-4,L,D,L,D,D,D
155,09/12/17,Tottenham,Stoke,5.0,1.0,H,16,23.0,18.0,13.0,30.0,10.0,-12.0,22.0,25,16,9,D,W,L,L,D,L
156,09/12/17,West Ham,Chelsea,1.0,0.0,H,16,13.0,28.0,32.0,12.0,-19.0,16.0,-35.0,10,32,-22,L,W,L,W,D,D
157,10/12/17,Liverpool,Everton,1.0,1.0,D,16,33.0,19.0,19.0,28.0,14.0,-9.0,23.0,29,18,11,W,W,W,W,D,L
158,10/12/17,Man United,Man City,1.0,2.0,A,16,35.0,46.0,9.0,10.0,26.0,36.0,-10.0,35,43,-8,W,W,W,W,W,W
159,10/12/17,Southampton,Arsenal,1.0,1.0,D,16,15.0,29.0,18.0,19.0,-3.0,10.0,-13.0,17,28,-11,D,L,L,W,W,W
160,12/12/17,Burnley,Stoke,1.0,0.0,H,17,15.0,19.0,12.0,35.0,3.0,-16.0,19.0,28,16,12,W,L,L,W,W,L
161,12/12/17,Crystal Palace,Watford,2.0,1.0,H,17,10.0,25.0,27.0,27.0,-17.0,-2.0,-15.0,11,22,-11,D,L,D,D,D,L
162,12/12/17,Huddersfield,Chelsea,1.0,3.0,A,17,11.0,28.0,26.0,13.0,-15.0,15.0,-30.0,18,32,-14,W,L,L,W,L,W
163,13/12/17,Liverpool,West Brom,0.0,0.0,D,17,34.0,12.0,20.0,22.0,14.0,-10.0,24.0,30,13,17,D,L,W,D,W,D
164,13/12/17,Man United,Bournemouth,1.0,0.0,H,17,36.0,15.0,11.0,19.0,25.0,-4.0,29.0,35,16,19,L,D,W,D,W,L
165,13/12/17,Newcastle,Everton,0.0,1.0,A,17,16.0,20.0,25.0,29.0,-9.0,-9.0,0.0,15,19,-4,L,D,L,W,D,W
166,13/12/17,Southampton,Leicester,1.0,4.0,A,17,16.0,23.0,19.0,22.0,-3.0,1.0,-4.0,18,23,-5,D,W,D,W,L,W
167,13/12/17,Swansea,Man City,0.0,4.0,A,17,9.0,48.0,18.0,11.0,-9.0,37.0,-46.0,12,46,-34,W,W,L,W,L,W
168,13/12/17,Tottenham,Brighton,2.0,0.0,H,17,28.0,14.0,14.0,21.0,14.0,-7.0,21.0,28,17,11,W,L,D,L,L,D
169,13/12/17,West Ham,Arsenal,0.0,0.0,D,17,14.0,30.0,32.0,20.0,-18.0,10.0,-28.0,13,29,-16,W,D,L,L,L,W
170,16/12/17,Arsenal,Newcastle,1.0,0.0,H,18,30.0,16.0,20.0,26.0,10.0,-10.0,20.0,30,15,15,D,L,D,L,L,L
171,16/12/17,Brighton,Burnley,0.0,0.0,D,18,14.0,16.0,23.0,12.0,-9.0,4.0,-13.0,17,31,-14,L,W,L,W,L,L
172,16/12/17,Chelsea,Southampton,1.0,0.0,H,18,31.0,17.0,14.0,23.0,17.0,-6.0,23.0,35,18,17,W,L,L,D,W,D
173,16/12/17,Leicester,Crystal Palace,0.0,3.0,A,18,27.0,12.0,23.0,28.0,4.0,-16.0,20.0,26,14,12,W,W,W,D,W,D
174,16/12/17,Man City,Tottenham,4.0,1.0,H,18,52.0,30.0,11.0,14.0,41.0,16.0,25.0,49,31,18,W,W,W,W,W,D
175,16/12/17,Stoke,West Ham,0.0,3.0,A,18,19.0,14.0,36.0,32.0,-17.0,-18.0,1.0,16,14,2,L,D,L,W,W,L
176,16/12/17,Watford,Huddersfield,1.0,4.0,A,18,26.0,12.0,29.0,29.0,-3.0,-17.0,14.0,22,18,4,L,L,L,W,D,L
177,17/12/17,Bournemouth,Liverpool,0.0,4.0,A,18,15.0,34.0,20.0,20.0,-5.0,14.0,-19.0,16,31,-15,L,D,D,D,D,W
178,17/12/17,West Brom,Man United,1.0,2.0,A,18,12.0,37.0,22.0,11.0,-10.0,26.0,-36.0,14,38,-24,D,W,L,L,D,W
179,18/12/17,Everton,Swansea,3.0,1.0,H,18,21.0,9.0,29.0,22.0,-8.0,-13.0,5.0,22,12,10,W,L,D,W,W,L
180,22/12/17,Arsenal,Liverpool,3.0,3.0,D,19,31.0,38.0,20.0,20.0,11.0,18.0,-7.0,33,34,-1,W,W,D,D,D,D
181,23/12/17,Brighton,Watford,1.0,0.0,H,19,14.0,27.0,23.0,33.0,-9.0,-6.0,-3.0,18,22,-4,D,L,L,L,L,L
182,23/12/17,Burnley,Tottenham,0.0,3.0,A,19,16.0,31.0,12.0,18.0,4.0,13.0,-9.0,32,31,1,D,L,W,W,W,W
183,23/12/17,Everton,Chelsea,0.0,0.0,D,19,24.0,32.0,30.0,14.0,-6.0,18.0,-24.0,25,38,-13,W,W,W,W,D,L
184,23/12/17,Leicester,Man United,2.0,2.0,D,19,27.0,39.0,26.0,12.0,1.0,27.0,-26.0,26,41,-15,L,W,W,W,W,L
185,23/12/17,Man City,Bournemouth,4.0,0.0,H,19,56.0,15.0,12.0,24.0,44.0,-9.0,53.0,52,16,36,W,L,W,L,W,D
186,23/12/17,Southampton,Huddersfield,1.0,1.0,D,19,17.0,16.0,24.0,30.0,-7.0,-14.0,7.0,18,21,-3,L,W,L,L,D,W
187,23/12/17,Stoke,West Brom,3.0,1.0,H,19,19.0,13.0,39.0,24.0,-20.0,-11.0,-9.0,16,14,2,L,L,L,D,L,L
188,23/12/17,Swansea,Crystal Palace,1.0,1.0,D,19,10.0,15.0,25.0,28.0,-15.0,-13.0,-2.0,12,17,-5,L,W,L,W,W,D
189,23/12/17,West Ham,Newcastle,2.0,3.0,A,19,17.0,16.0,32.0,27.0,-15.0,-11.0,-4.0,17,15,2,W,L,D,L,W,L
190,26/12/17,Bournemouth,West Ham,3.0,3.0,D,20,15.0,19.0,28.0,35.0,-13.0,-16.0,3.0,16,17,-1,L,L,L,W,L,D
191,26/12/17,Chelsea,Brighton,2.0,0.0,H,20,32.0,15.0,14.0,23.0,18.0,-8.0,26.0,39,21,18,D,W,W,D,W,L
192,26/12/17,Huddersfield,Stoke,1.0,1.0,D,20,17.0,22.0,31.0,40.0,-14.0,-18.0,4.0,22,19,3,D,W,W,L,L,L
193,26/12/17,Liverpool,Swansea,5.0,0.0,H,20,41.0,11.0,23.0,26.0,18.0,-15.0,33.0,35,13,22,D,D,W,L,D,L
194,26/12/17,Man United,Burnley,2.0,2.0,D,20,41.0,16.0,14.0,15.0,27.0,1.0,26.0,42,32,10,D,L,W,D,W,W
195,26/12/17,Tottenham,Southampton,5.0,2.0,H,20,34.0,18.0,18.0,25.0,16.0,-7.0,23.0,34,19,15,W,D,L,L,W,L
196,26/12/17,Watford,Leicester,2.0,1.0,H,20,27.0,29.0,34.0,28.0,-7.0,1.0,-8.0,22,27,-5,L,D,L,L,L,W
197,26/12/17,West Brom,Everton,0.0,0.0,D,20,14.0,24.0,27.0,30.0,-13.0,-6.0,-7.0,14,26,-12,L,D,L,W,D,W
198,27/12/17,Newcastle,Man City,0.0,1.0,A,20,19.0,60.0,29.0,12.0,-10.0,48.0,-58.0,18,55,-37,W,W,L,W,L,W
199,28/12/17,Crystal Palace,Arsenal,2.0,3.0,A,20,16.0,34.0,29.0,23.0,-13.0,11.0,-24.0,18,34,-16,D,D,W,W,W,D
200,30/12/17,Bournemouth,Everton,2.0,1.0,H,21,18.0,24.0,31.0,30.0,-13.0,-6.0,-7.0,17,27,-10,D,D,L,D,L,W
201,30/12/17,Chelsea,Stoke,5.0,0.0,H,21,34.0,23.0,14.0,41.0,20.0,-18.0,38.0,42,20,22,W,D,D,W,W,L
202,30/12/17,Huddersfield,Burnley,0.0,0.0,D,21,18.0,18.0,32.0,17.0,-14.0,1.0,-15.0,23,33,-10,D,D,D,L,W,D
203,30/12/17,Liverpool,Leicester,2.0,1.0,H,21,46.0,30.0,23.0,30.0,23.0,0.0,23.0,38,27,11,W,L,D,D,W,L
204,30/12/17,Man United,Southampton,0.0,0.0,D,21,43.0,20.0,16.0,30.0,27.0,-10.0,37.0,43,19,24,D,L,D,D,W,L
205,30/12/17,Newcastle,Brighton,0.0,0.0,D,21,19.0,15.0,30.0,25.0,-11.0,-10.0,-1.0,18,21,-3,L,L,W,W,L,D
206,30/12/17,Watford,Swansea,1.0,2.0,A,21,29.0,11.0,35.0,31.0,-6.0,-20.0,14.0,25,13,12,W,L,L,D,L,L
207,31/12/17,Crystal Palace,Man City,0.0,0.0,D,21,18.0,61.0,32.0,12.0,-14.0,49.0,-63.0,18,58,-40,L,W,D,W,W,W
208,31/12/17,West Brom,Arsenal,1.0,1.0,D,21,14.0,37.0,27.0,25.0,-13.0,12.0,-25.0,15,37,-22,D,W,L,D,L,W
209,01/01/18,Brighton,Bournemouth,2.0,2.0,D,21,15.0,18.0,25.0,31.0,-10.0,-13.0,3.0,21,17,4,L,D,W,L,D,L
210,01/01/18,Burnley,Liverpool,1.0,2.0,A,22,18.0,48.0,17.0,24.0,1.0,24.0,-23.0,34,41,-7,D,W,D,W,L,D
211,01/01/18,Everton,Man United,0.0,2.0,A,22,25.0,43.0,32.0,16.0,-7.0,27.0,-34.0,27,44,-17,L,D,D,D,D,D
212,01/01/18,Leicester,Huddersfield,3.0,0.0,H,22,31.0,18.0,32.0,32.0,-1.0,-14.0,13.0,27,24,3,L,D,L,D,D,D
213,01/01/18,Stoke,Newcastle,0.0,1.0,A,22,23.0,19.0,46.0,30.0,-23.0,-11.0,-12.0,20,19,1,L,D,D,L,W,W
214,02/01/18,Man City,Watford,3.0,1.0,H,22,61.0,30.0,12.0,37.0,49.0,-7.0,56.0,59,25,34,D,L,W,W,W,L
215,02/01/18,Southampton,Crystal Palace,1.0,2.0,A,22,20.0,18.0,30.0,32.0,-10.0,-14.0,4.0,20,19,1,D,D,L,L,D,D
216,02/01/18,Swansea,Tottenham,0.0,2.0,A,22,13.0,41.0,32.0,20.0,-19.0,21.0,-40.0,16,40,-24,W,W,L,W,D,W
217,02/01/18,West Ham,West Brom,2.0,1.0,H,22,24.0,15.0,39.0,28.0,-15.0,-13.0,-2.0,21,16,5,W,D,D,D,L,L
218,03/01/18,Arsenal,Chelsea,2.0,2.0,D,22,38.0,39.0,26.0,14.0,12.0,25.0,-13.0,38,45,-7,D,W,W,W,D,D
219,04/01/18,Tottenham,West Ham,1.0,1.0,D,22,41.0,24.0,20.0,39.0,21.0,-15.0,36.0,40,21,19,W,W,W,D,W,L
220,13/01/18,Chelsea,Leicester,0.0,0.0,D,23,41.0,34.0,16.0,32.0,25.0,2.0,23.0,46,30,16,D,W,W,L,W,L
221,13/01/18,Crystal Palace,Burnley,1.0,0.0,H,23,20.0,19.0,33.0,19.0,-13.0,0.0,-13.0,22,34,-12,W,L,D,D,L,D
222,13/01/18,Huddersfield,West Ham,1.0,4.0,A,23,18.0,25.0,35.0,40.0,-17.0,-15.0,-2.0,24,22,2,L,D,D,W,D,D
223,13/01/18,Newcastle,Swansea,1.0,1.0,D,23,20.0,13.0,30.0,34.0,-10.0,-21.0,11.0,22,16,6,W,L,D,W,L,L
224,13/01/18,Tottenham,Everton,4.0,0.0,H,23,42.0,25.0,21.0,34.0,21.0,-9.0,30.0,41,27,14,D,L,W,L,W,D
225,13/01/18,Watford,Southampton,2.0,2.0,D,23,31.0,21.0,40.0,32.0,-9.0,-11.0,2.0,25,20,5,L,L,L,D,W,L
226,13/01/18,West Brom,Brighton,2.0,0.0,H,23,16.0,17.0,30.0,27.0,-14.0,-10.0,-4.0,16,23,-7,L,D,D,D,D,L
227,14/01/18,Bournemouth,Arsenal,2.0,1.0,H,23,22.0,40.0,34.0,28.0,-12.0,12.0,-24.0,21,39,-18,D,D,W,D,D,W
228,14/01/18,Liverpool,Man City,4.0,3.0,H,23,50.0,64.0,25.0,13.0,25.0,51.0,-26.0,44,62,-18,W,W,W,D,W,W
229,15/01/18,Man United,Stoke,3.0,0.0,H,23,45.0,23.0,16.0,47.0,29.0,-24.0,53.0,47,20,27,W,L,D,L,D,D
230,20/01/18,Arsenal,Crystal Palace,4.0,1.0,H,24,41.0,21.0,30.0,33.0,11.0,-12.0,23.0,39,25,14,L,W,D,W,D,D
231,20/01/18,Brighton,Chelsea,0.0,4.0,A,24,17.0,41.0,29.0,16.0,-12.0,25.0,-37.0,23,47,-24,L,D,D,D,D,W
232,20/01/18,Burnley,Man United,0.0,1.0,A,24,19.0,48.0,20.0,16.0,-1.0,32.0,-33.0,34,50,-16,L,W,L,W,D,D
233,20/01/18,Everton,West Brom,1.0,1.0,D,24,25.0,18.0,38.0,30.0,-13.0,-12.0,-1.0,27,19,8,L,W,L,L,L,D
234,20/01/18,Leicester,Watford,2.0,0.0,H,24,34.0,33.0,32.0,42.0,2.0,-9.0,11.0,31,26,5,D,D,W,L,L,L
235,20/01/18,Man City,Newcastle,3.0,1.0,H,24,67.0,21.0,17.0,31.0,50.0,-10.0,60.0,62,23,39,L,D,W,W,D,D
236,20/01/18,Stoke,Huddersfield,2.0,0.0,H,24,23.0,19.0,50.0,39.0,-27.0,-20.0,-7.0,20,24,-4,L,L,L,L,L,D
237,20/01/18,West Ham,Bournemouth,1.0,1.0,D,24,29.0,24.0,41.0,35.0,-12.0,-11.0,-1.0,25,24,1,W,W,D,D,W,W
238,21/01/18,Southampton,Tottenham,1.0,1.0,D,24,23.0,46.0,34.0,21.0,-11.0,25.0,-36.0,21,44,-23,D,W,L,D,D,W
239,22/01/18,Swansea,Liverpool,1.0,0.0,H,24,14.0,54.0,35.0,28.0,-21.0,26.0,-47.0,17,47,-30,D,W,L,W,W,W
240,30/01/18,Huddersfield,Liverpool,0.0,3.0,A,25,19.0,54.0,41.0,29.0,-22.0,25.0,-47.0,24,47,-23,L,L,L,W,L,W
241,30/01/18,Swansea,Arsenal,3.0,1.0,H,25,15.0,45.0,35.0,31.0,-20.0,14.0,-34.0,20,42,-22,W,W,D,L,L,D
242,30/01/18,West Ham,Crystal Palace,1.0,1.0,D,25,30.0,22.0,42.0,37.0,-12.0,-15.0,3.0,26,25,1,D,L,W,W,D,W
243,31/01/18,Chelsea,Bournemouth,0.0,3.0,A,25,45.0,25.0,16.0,36.0,29.0,-11.0,40.0,50,25,25,W,D,D,W,D,D
244,31/01/18,Everton,Leicester,2.0,1.0,H,25,26.0,36.0,39.0,32.0,-13.0,4.0,-17.0,28,34,-6,D,W,L,D,L,W
245,31/01/18,Man City,West Brom,3.0,0.0,H,25,70.0,19.0,18.0,31.0,52.0,-12.0,64.0,65,20,45,W,D,L,W,W,L
246,31/01/18,Newcastle,Burnley,1.0,1.0,D,25,22.0,19.0,34.0,21.0,-12.0,-2.0,-10.0,23,34,-11,L,L,D,L,W,L
247,31/01/18,Southampton,Brighton,1.0,1.0,D,25,24.0,17.0,35.0,33.0,-11.0,-16.0,5.0,22,23,-1,D,L,D,L,L,D
248,31/01/18,Stoke,Watford,0.0,0.0,D,25,25.0,33.0,50.0,44.0,-25.0,-11.0,-14.0,23,26,-3,W,L,L,D,L,L
249,31/01/18,Tottenham,Man United,2.0,0.0,H,25,47.0,49.0,22.0,16.0,25.0,33.0,-8.0,45,53,-8,D,W,W,W,D,W
250,03/02/18,Arsenal,Everton,5.0,1.0,H,26,46.0,28.0,34.0,40.0,12.0,-12.0,24.0,42,31,11,L,W,W,D,L,L
251,03/02/18,Bournemouth,Stoke,2.0,1.0,H,26,28.0,25.0,36.0,50.0,-8.0,-25.0,17.0,28,24,4,W,D,D,W,W,L
252,03/02/18,Brighton,West Ham,3.0,1.0,H,26,18.0,31.0,34.0,43.0,-16.0,-12.0,-4.0,24,27,-3,D,D,L,D,L,W
253,03/02/18,Burnley,Man City,1.0,1.0,D,26,20.0,73.0,22.0,18.0,-2.0,55.0,-57.0,35,68,-33,D,W,L,W,L,L
254,03/02/18,Leicester,Swansea,1.0,1.0,D,26,37.0,18.0,34.0,36.0,3.0,-18.0,21.0,34,23,11,L,W,W,W,D,D
255,03/02/18,Man United,Huddersfield,2.0,0.0,H,26,49.0,19.0,18.0,44.0,31.0,-25.0,56.0,53,24,29,L,L,W,L,W,L
256,03/02/18,West Brom,Southampton,2.0,3.0,A,26,19.0,25.0,34.0,36.0,-15.0,-11.0,-4.0,20,23,-3,L,D,D,D,W,D
257,04/02/18,Crystal Palace,Newcastle,1.0,1.0,D,26,23.0,23.0,38.0,35.0,-15.0,-12.0,-3.0,26,24,2,D,D,L,L,W,D
258,04/02/18,Liverpool,Tottenham,2.0,2.0,D,26,57.0,49.0,29.0,22.0,28.0,27.0,1.0,50,48,2,W,W,L,D,W,W
259,05/02/18,Watford,Chelsea,4.0,1.0,H,26,33.0,45.0,44.0,19.0,-11.0,26.0,-37.0,27,50,-23,D,L,L,W,D,D
260,10/02/18,Everton,Crystal Palace,3.0,1.0,H,27,29.0,24.0,45.0,39.0,-16.0,-15.0,-1.0,31,27,4,L,D,W,D,D,L
261,10/02/18,Man City,Leicester,5.0,1.0,H,27,74.0,38.0,19.0,35.0,55.0,3.0,52.0,69,35,34,D,D,W,L,W,W
262,10/02/18,Stoke,Brighton,1.0,1.0,D,27,26.0,21.0,52.0,35.0,-26.0,-14.0,-12.0,24,27,-3,L,W,D,D,W,L
263,10/02/18,Swansea,Burnley,1.0,0.0,H,27,19.0,21.0,37.0,23.0,-18.0,-2.0,-16.0,24,36,-12,D,D,W,D,W,L
264,10/02/18,Tottenham,Arsenal,1.0,0.0,H,27,51.0,51.0,24.0,35.0,27.0,16.0,11.0,49,45,4,D,W,W,L,D,W
265,10/02/18,West Ham,Watford,2.0,0.0,H,27,32.0,37.0,46.0,45.0,-14.0,-8.0,-6.0,27,30,-3,L,W,D,D,D,L
266,11/02/18,Huddersfield,Bournemouth,4.0,1.0,H,27,19.0,30.0,46.0,37.0,-27.0,-7.0,-20.0,24,31,-7,L,W,L,W,L,D
267,11/02/18,Newcastle,Man United,1.0,0.0,H,27,24.0,51.0,36.0,18.0,-12.0,33.0,-45.0,25,56,-31,D,W,D,L,L,W
268,11/02/18,Southampton,Liverpool,0.0,2.0,A,27,28.0,59.0,38.0,31.0,-10.0,28.0,-38.0,26,51,-25,W,D,D,W,D,L
269,12/02/18,Chelsea,West Brom,3.0,0.0,H,27,46.0,21.0,23.0,37.0,23.0,-16.0,39.0,50,20,30,L,L,L,L,W,D
270,24/02/18,Bournemouth,Newcastle,,,,28,31.0,25.0,41.0,36.0,-10.0,-11.0,1.0,31,28,3,L,W,W,D,W,D
271,24/02/18,Brighton,Swansea,,,,28,22.0,20.0,36.0,37.0,-14.0,-17.0,3.0,28,27,1,D,W,W,D,D,W
272,24/02/18,Burnley,Southampton,,,,28,21.0,28.0,24.0,40.0,-3.0,-12.0,9.0,36,26,10,L,L,D,W,D,D
273,24/02/18,Leicester,Stoke,,,,28,39.0,27.0,40.0,53.0,-1.0,-26.0,25.0,35,25,10,L,D,D,L,L,D
274,24/02/18,Liverpool,West Ham,,,,28,61.0,34.0,31.0,46.0,30.0,-12.0,42.0,54,30,24,W,W,D,L,W,D
275,24/02/18,Watford,Everton,,,,28,37.0,32.0,47.0,46.0,-10.0,-14.0,4.0,30,34,-4,L,W,W,L,D,W
276,24/02/18,West Brom,Huddersfield,,,,28,21.0,23.0,40.0,47.0,-19.0,-24.0,5.0,20,27,-7,L,W,L,L,L,L
277,25/02/18,Crystal Palace,Tottenham,,,,28,25.0,52.0,42.0,24.0,-17.0,28.0,-45.0,27,52,-25,L,W,D,D,D,W
278,25/02/18,Man United,Chelsea,,,,28,51.0,49.0,19.0,23.0,32.0,26.0,6.0,56,53,3,L,W,W,L,L,L
